Predictor Group,R2 Scores
Neighbour Quality,0.03754344561400096
Economic Freedom,0.017451427145234018
Other Economic Factors,0.012229338997253227
geoPolitical,0.01113813112666004
Education & Research,0.0012625561615564975
